<?xml version="1.0" encoding="UTF-8"?>
<classpath>
	<classpathentry kind="src" output="target/classes" path="src/main/java">
		<attributes>
			<attribute name="optional" value="true"/>
			<attribute name="maven.pomderived" value="true"/>
		</attributes>
	</classpathentry>
	<classpathentry excluding="**" kind="src" output="target/classes" path="src/main/resources">
		<attributes>
			<attribute name="maven.pomderived" value="true"/>
		</attributes>
	</classpathentry>
	<classpathentry kind="src" output="target/test-classes" path="src/test/java">
		<attributes>
			<attribute name="optional" value="true"/>
			<attribute name="maven.pomderived" value="true"/>
		</attributes>
	</classpathentry>
	<classpathentry kind="con" path="org.eclipse.jdt.launching.JRE_CONTAINER/org.eclipse.jdt.internal.debug.ui.launcher.StandardVMType/J2SE-1.5">
		<attributes>
			<attribute name="maven.pomderived" value="true"/>
		</attributes>
	</classpathentry>
	<classpathentry kind="con" path="org.eclipse.m2e.MAVEN2_CLASSPATH_CONTAINER">
		<attributes>
			<attribute name="maven.pomderived" value="true"/>
			<attribute name="org.eclipse.jst.component.dependency" value="/WEB-INF/lib"/>
		</attributes>
	</classpathentry>
	<classpathentry kind="con" path="org.eclipse.jst.server.core.container/org.eclipse.jst.server.tomcat.runtimeTarget/Apache Tomcat v8.5"/>
	<classpathentry kind="lib" path="C:/Users/KiranRaju/.m2/repository/com/sun/jersey/jersey-core/1.9/jersey-core-1.9.jar">
		<attributes>
			<attribute name="maven.pomderived" value="true"/>
			<attribute name="maven.groupId" value="com.sun.jersey"/>
			<attribute name="maven.artifactId" value="jersey-core"/>
			<attribute name="maven.version" value="1.9"/>
			<attribute name="maven.scope" value="compile"/>
		</attributes>
	</classpathentry>
	<classpathentry kind="output" path="target/classes"/>
</classpath>
